{
  "default": {
    "steps/api.step.ts": {
      "x": 523.9293496953151,
      "y": 113.45307586511365
    },
    "steps/noop.step.ts": {
      "x": 592.8801194374963,
      "y": -112.26999445990188
    },
    "steps/one.step.ts": {
      "x": 80.5,
      "y": 256
    },
    "steps/two.step.ts": {
      "x": 70.5,
      "y": 432
    },
    "steps/notes.step.py": {
      "x": 763.3111458390817,
      "y": 585.8944443215055
    },
    "steps/api.step.py": {
      "x": 868.0081537177931,
      "y": 236.87485962203846
    },
    "steps/notes_docx_gen.step.py": {
      "x": 220,
      "y": 548
    },
    "steps/whatsapp_notifier.step.py": {
      "x": -173.25,
      "y": 80
    },
    "steps/file_link_generator.step.py": {
      "x": -112.00480783999092,
      "y": 670.3980768640035
    },
    "steps/webhook_notifies.step.py": {
      "x": 5.25,
      "y": 906
    },
    "steps/main.step.py": {
      "x": 313.5,
      "y": 752
    },
    "steps/email_notifier.step.py": {
      "x": 279.5,
      "y": 902
    }
  },
  "openai": {
    "steps/notes.step.py": {
      "x": 0,
      "y": 0
    }
  }
}